<?xml version="1.0" encoding="UTF-8"?>

<!--Autogenerated by Cloudera Manager-->
<configuration>
  <!-- <property>
    <name>hbase.rootdir</name>
    <value>hdfs://nameservicets1/hbase</value>
  </property>
   -->
  <property>
    <name>hbase.replication</name>
    <value>true</value>
  </property>
  <property>
    <name>hbase.client.write.buffer</name>
    <value>2097152</value>
  </property>
  <property>
    <name>hbase.client.pause</name>
    <value>100</value>
  </property>
  <property>
    <name>hbase.client.retries.number</name>
    <value>100</value>
  </property>
  <property>
    <name>hbase.client.scanner.caching</name>
    <value>100</value>
  </property>
  <property>
    <name>hbase.client.keyvalue.maxsize</name>
    <value>10485760</value>
  </property>
  <property>
    <name>hbase.ipc.client.allowsInterrupt</name>
    <value>true</value>
  </property>
  <property>
    <name>hbase.client.primaryCallTimeout.get</name>
    <value>10</value>
  </property>
  <property>
    <name>hbase.client.primaryCallTimeout.multiget</name>
    <value>10</value>
  </property>
  <!--'hbase.client.scanner.timeout.period', originally set to '60000' (non-final), is overridden below by a safety valve-->
  <property>
    <name>hbase.coprocessor.master.classes</name>
    <value>org.apache.hadoop.hbase.security.access.AccessController,com.splicemachine.hbase.SpliceMasterObserver</value>
  </property>
  <property>
    <name>hbase.coprocessor.region.classes</name>
    <value>org.apache.hadoop.hbase.security.access.AccessController,org.apache.hadoop.hbase.security.token.TokenProvider,org.apache.hadoop.hbase.security.access.SecureBulkLoadEndpoint,com.splicemachine.hbase.MemstoreAwareObserver,com.splicemachine.derby.hbase.SpliceIndexObserver,com.splicemachine.derby.hbase.SpliceIndexEndpoint,com.splicemachine.hbase.RegionSizeEndpoint,com.splicemachine.si.data.hbase.coprocessor.TxnLifecycleEndpoint,com.splicemachine.si.data.hbase.coprocessor.SIObserver,com.splicemachine.hbase.BackupEndpointObserver</value>
  </property>
  <property>
    <name>hbase.regionserver.thrift.http</name>
    <value>false</value>
  </property>
  <property>
    <name>hbase.thrift.support.proxyuser</name>
    <value>false</value>
  </property>
  <property>
    <name>hbase.rpc.timeout</name>
    <value>1200000</value>
  </property>
  <property>
    <name>hbase.snapshot.enabled</name>
    <value>true</value>
  </property>
  <property>
    <name>hbase.snapshot.master.timeoutMillis</name>
    <value>60000</value>
  </property>
  <property>
    <name>hbase.snapshot.region.timeout</name>
    <value>60000</value>
  </property>
  <property>
    <name>hbase.snapshot.master.timeout.millis</name>
    <value>60000</value>
  </property>
  <property>
    <name>hbase.security.authentication</name>
    <value>kerberos</value>
  </property>
  <property>
    <name>hbase.rpc.protection</name>
    <value>privacy</value>
  </property>
  <property>
    <name>zookeeper.session.timeout</name>
    <value>60000</value>
  </property>
  <property>
    <name>zookeeper.znode.parent</name>
    <value>/hbase</value>
  </property>
  <property>
    <name>zookeeper.znode.rootserver</name>
    <value>root-region-server</value>
  </property>
  <property>
    <name>hbase.zookeeper.quorum</name>
    <value>dwbdtest1r2m.wellpoint.com,dwbdtest1r5e1.wellpoint.com,dwbdtest1r1m.wellpoint.com</value>
  </property>
  <property>
    <name>hbase.zookeeper.property.clientPort</name>
    <value>2181</value>
  </property>
  <property>
    <name>hbase.master.kerberos.principal</name>
    <value>hbase/_HOST@DEVAD.WELLPOINT.COM</value>
  </property>
  <property>
    <name>hbase.regionserver.kerberos.principal</name>
    <value>hbase/_HOST@DEVAD.WELLPOINT.COM</value>
  </property>
  <property>
    <name>hbase.rest.kerberos.principal</name>
    <value>hbase/_HOST@DEVAD.WELLPOINT.COM</value>
  </property>
  <property>
    <name>hbase.thrift.kerberos.principal</name>
    <value>hbase/_HOST@DEVAD.WELLPOINT.COM</value>
  </property>
  <property>
    <name>hadoop.security.authorization</name>
    <value>true</value>
  </property>
  <property>
    <name>hbase.rest.ssl.enabled</name>
    <value>true</value>
  </property>
  <property>
    <name>hbase.client.scanner.timeout.period</name>
    <value>1200000</value>
  </property>
  <property>
    <name>splice.authentication.token.enabled</name>
    <value>true</value>
  </property>
  <property>
    <name>hbase.client.ipc.pool.size</name>
    <value>10</value>
  </property>
  <property>
    <name>hbase.zookeeper.property.tickTime</name>
    <value>6000</value>
  </property>
  <property>
    <name>hfile.block.cache.size</name>
    <value>.1</value>
  </property>
  <property>
    <name>splice.compression</name>
    <value>snappy</value>
  </property>
  <property>
    <name>splice.marshal.kryoPoolSize</name>
    <value>1100</value>
  </property>
  <property>
    <name>splice.timestamp_server.clientWaitTime</name>
    <value>120000</value>
  </property>
  <property>
    <name>splice.splitBlockSize</name>
    <value>67108864</value>
  </property>
  <property>
    <name>splice.txn.activeCacheSize </name>
    <value>10240</value>
  </property>
  <property>
    <name>splice.txn.completedTxns.concurrency</name>
    <value>128</value>
  </property>
  <property>
    <name>splice.authentication.native.algorithm</name>
    <value>SHA-512</value>
  </property>
  <property>
    <name>hbase.client.max.perregion.tasks</name>
    <value>100</value>
  </property>
  <property>
    <name>splice.authentication.ldap.mapGroupAttr</name>
    <value>bdspliceadmt=splice</value>
  </property>
  <property>
    <name>splice.bulkImport.sample.fraction</name>
    <value>0.001</value>
  </property>
  <property>
    <name>splice.bulkImport.tasks.perRegion</name>
    <value>2</value>
  </property>
  <property>
    <name>splice.olap.shuffle.partitions</name>
    <value>400</value>
  </property>
  <property>
    <name>spark.compaction.maximum.wait</name>
    <value>300000</value>
  </property>
</configuration>
